<?xml version="1.0" encoding="utf-8"?>
<PurchaseOrder xmlns:xsd="http://www.w3.org/2001/XMLSchema" xmlns:xsi="http://www.w3.org/2001/XMLSchema-instance">
  <Id>72aa1d58-a464-4500-9af4-057ade54e229</Id>
  <Status>InProcess</Status>
  <CreatedOn>2018-01-05T16:30:21.7282826+05:00</CreatedOn>
  <CreatedBy>
    <Id>ce654217-47b8-4b62-b96d-6d41af9de235</Id>
    <Name>Zeeshan Shafqat</Name>
  </CreatedBy>
  <ModifiedOn>2018-01-05T16:30:21.7282826+05:00</ModifiedOn>
  <ModifiedBy>
    <Id>ce654217-47b8-4b62-b96d-6d41af9de235</Id>
    <Name>Zeeshan Shafqat</Name>
  </ModifiedBy>
  <CompletedOn>0001-01-01T00:00:00</CompletedOn>
  <Lead>
    <Id>ce654217-47b8-4b62-b96d-6d41af9de235</Id>
    <Name>Zeeshan Shafqat</Name>
  </Lead>
  <ApprovedDate>0001-01-01T00:00:00</ApprovedDate>
  <PONumber>PO-1006</PONumber>
  <PODate>2018-01-06T00:00:00</PODate>
  <Origin>
    <Index>2</Index>
    <Value>Indo</Value>
  </Origin>
  <Size>
    <Index>6</Index>
    <Value>00-50</Value>
  </Size>
  <Vessel>
    <Index>4</Index>
    <Value>ARIETTA</Value>
  </Vessel>
  <TargetDays>40</TargetDays>
  <Supplier>
    <Index>2</Index>
    <Value>MARE TRACER</Value>
  </Supplier>
  <TermsOfPayment>LC</TermsOfPayment>
  <PODetailsList>
    <PODetail>
      <Id>d4357e78-f56e-4a90-bf9c-b3f4d9465c5a</Id>
      <PONumber>PO-1006</PONumber>
      <Customer>
        <Id>b288c06d-1609-4de9-97b5-823d0f2db1d9</Id>
        <Name>Best Way</Name>
      </Customer>
      <Quantity>20000</Quantity>
      <Rate>85</Rate>
      <CostPerTon>200</CostPerTon>
      <AllowedWaistage>0.5</AllowedWaistage>
      <TargetDate>2018-01-31T00:00:00</TargetDate>
      <Remarks />
      <Received>0</Received>
      <Remaining>20000</Remaining>
      <DutyCleared>0</DutyCleared>
      <DutyRemaining>0</DutyRemaining>
      <Wastage>0.0</Wastage>
      <GRNsList />
      <DutyClearsList />
    </PODetail>
    <PODetail>
      <Id>91c52674-90ab-4a6f-a2cf-d12e6aaee23a</Id>
      <PONumber>PO-1006</PONumber>
      <Customer>
        <Id>b288c06d-1609-4de8-97b5-823d0f2db1d9</Id>
        <Name>PSL</Name>
      </Customer>
      <Quantity>30000</Quantity>
      <Rate>85</Rate>
      <CostPerTon>200</CostPerTon>
      <AllowedWaistage>0.5</AllowedWaistage>
      <TargetDate>2018-01-30T00:00:00</TargetDate>
      <Remarks />
      <Received>35000</Received>
      <Remaining>-5000</Remaining>
      <DutyCleared>35000</DutyCleared>
      <DutyRemaining>0</DutyRemaining>
      <Wastage>175.0</Wastage>
      <GRNsList>
        <GRN>
          <Id>c9dfe568-d086-494e-bc46-780308ca17ea</Id>
          <Status>Recieved</Status>
          <CreatedOn>2018-01-05T16:34:48.7031055+05:00</CreatedOn>
          <CreatedBy>
            <Id>ce654217-47b8-4b62-b96d-6d41af9de235</Id>
            <Name>Zeeshan Shafqat</Name>
          </CreatedBy>
          <ModifiedOn>2018-01-05T16:34:48.7031055+05:00</ModifiedOn>
          <ModifiedBy>
            <Id>ce654217-47b8-4b62-b96d-6d41af9de235</Id>
            <Name>Zeeshan Shafqat</Name>
          </ModifiedBy>
          <CompletedOn>2018-01-05T16:34:48.7031055+05:00</CompletedOn>
          <GRNNumber>GRN-1015</GRNNumber>
          <GRNDate>2018-01-05T16:34:48.7031055+05:00</GRNDate>
          <PO>
            <Id>72aa1d58-a464-4500-9af4-057ade54e229</Id>
            <Name>PO-1006</Name>
          </PO>
          <PODetail>
            <Id>91c52674-90ab-4a6f-a2cf-d12e6aaee23a</Id>
            <Name>PO-1006</Name>
          </PODetail>
          <Store>
            <Id>3473d11c-43fd-45b2-9cb0-f4a9c0da1610</Id>
            <Name>KPT</Name>
          </Store>
          <InvoiceNo>123</InvoiceNo>
          <AdjPrice>45</AdjPrice>
          <Quantity>20000</Quantity>
          <Remarks>df</Remarks>
        </GRN>
        <GRN>
          <Id>350e2c72-8421-4cd1-b2af-c3257375ecb0</Id>
          <Status>Recieved</Status>
          <CreatedOn>2018-01-05T16:36:39.3871374+05:00</CreatedOn>
          <CreatedBy>
            <Id>ce654217-47b8-4b62-b96d-6d41af9de235</Id>
            <Name>Zeeshan Shafqat</Name>
          </CreatedBy>
          <ModifiedOn>2018-01-05T16:36:39.3871374+05:00</ModifiedOn>
          <ModifiedBy>
            <Id>ce654217-47b8-4b62-b96d-6d41af9de235</Id>
            <Name>Zeeshan Shafqat</Name>
          </ModifiedBy>
          <CompletedOn>2018-01-05T16:36:39.3871374+05:00</CompletedOn>
          <GRNNumber>GRN-1016</GRNNumber>
          <GRNDate>2018-01-05T16:36:39.3871374+05:00</GRNDate>
          <PO>
            <Id>72aa1d58-a464-4500-9af4-057ade54e229</Id>
            <Name>PO-1006</Name>
          </PO>
          <PODetail>
            <Id>91c52674-90ab-4a6f-a2cf-d12e6aaee23a</Id>
            <Name>PO-1006</Name>
          </PODetail>
          <Store>
            <Id>1fe29a43-8c1a-4b3f-ad09-2ed2b25c04a3</Id>
            <Name>Port Qasim</Name>
          </Store>
          <InvoiceNo>asdf</InvoiceNo>
          <AdjPrice>12</AdjPrice>
          <Quantity>15000</Quantity>
          <Remarks>dgghh</Remarks>
        </GRN>
      </GRNsList>
      <DutyClearsList>
        <DutyClear>
          <Id>9bfd978d-a45d-40c0-bc23-5d6f2e9cb1df</Id>
          <CreatedOn>2018-01-05T16:38:55.8568091+05:00</CreatedOn>
          <CreatedBy>
            <Id>ce654217-47b8-4b62-b96d-6d41af9de235</Id>
            <Name>Zeeshan Shafqat</Name>
          </CreatedBy>
          <ModifiedOn>2018-01-05T16:38:55.8568091+05:00</ModifiedOn>
          <ModifiedBy>
            <Id>ce654217-47b8-4b62-b96d-6d41af9de235</Id>
            <Name>Zeeshan Shafqat</Name>
          </ModifiedBy>
          <DCLNumber>DCL-1005</DCLNumber>
          <DCLDate>2018-01-05T16:38:55.8568091+05:00</DCLDate>
          <PO>
            <Id>72aa1d58-a464-4500-9af4-057ade54e229</Id>
            <Name>PO-1006</Name>
          </PO>
          <PODetail>
            <Id>91c52674-90ab-4a6f-a2cf-d12e6aaee23a</Id>
            <Name>PO-1006</Name>
          </PODetail>
          <Store>
            <Id>3473d11c-43fd-45b2-9cb0-f4a9c0da1610</Id>
            <Name>KPT</Name>
          </Store>
          <Quantity>35000</Quantity>
          <Remarks>dcf</Remarks>
        </DutyClear>
      </DutyClearsList>
    </PODetail>
  </PODetailsList>
  <TotalQuantity>50000</TotalQuantity>
  <Available>0</Available>
  <Received>35000</Received>
  <DutyCleared>35000</DutyCleared>
</PurchaseOrder>