<?xml version="1.0" encoding="utf-8"?>
<PurchaseOrder xmlns:xsd="http://www.w3.org/2001/XMLSchema" xmlns:xsi="http://www.w3.org/2001/XMLSchema-instance">
  <Id>53b41b3a-7d94-41f0-b9ad-c9fcc34cf29d</Id>
  <Status>Completed</Status>
  <CreatedOn>2018-01-13T11:02:10.888973+05:00</CreatedOn>
  <CreatedBy>
    <Id>ce654217-47b8-4b62-b96d-6d41af9de235</Id>
    <Name>Zeeshan Shafqat</Name>
  </CreatedBy>
  <ModifiedOn>2018-01-13T11:02:10.888973+05:00</ModifiedOn>
  <ModifiedBy>
    <Id>ce654217-47b8-4b62-b96d-6d41af9de235</Id>
    <Name>Zeeshan Shafqat</Name>
  </ModifiedBy>
  <CompletedOn>0001-01-01T00:00:00</CompletedOn>
  <Lead>
    <Id>ce654217-47b8-4b62-b96d-6d41af9de235</Id>
    <Name>Zeeshan Shafqat</Name>
  </Lead>
  <ApprovedDate>0001-01-01T00:00:00</ApprovedDate>
  <PONumber>PO-1007</PONumber>
  <PODate>2018-01-13T00:00:00</PODate>
  <Origin>
    <Index>5</Index>
    <Value>Russian</Value>
  </Origin>
  <Size>
    <Index>2</Index>
    <Value>00-04</Value>
  </Size>
  <Vessel>
    <Index>1</Index>
    <Value>Sbi  Hera</Value>
  </Vessel>
  <TargetDays>45</TargetDays>
  <Supplier>
    <Index>2</Index>
    <Value>MARE TRACER</Value>
  </Supplier>
  <TermsOfPayment>asdf</TermsOfPayment>
  <PODetailsList>
    <PODetail>
      <Id>baf817b1-a3db-4289-9fbe-ca781f4ce426</Id>
      <PONumber>PO-1007</PONumber>
      <Customer>
        <Id>b288c06d-1609-4de8-97b5-823d0f2db1d9</Id>
        <Name>PSL</Name>
      </Customer>
      <Quantity>40000</Quantity>
      <Rate>50</Rate>
      <CostPerTon>10</CostPerTon>
      <AllowedWaistage>80</AllowedWaistage>
      <TargetDate>2018-01-31T00:00:00</TargetDate>
      <Remarks />
      <Received>10000</Received>
      <Remaining>30000</Remaining>
      <DutyCleared>5000</DutyCleared>
      <DutyRemaining>5000</DutyRemaining>
      <Wastage>4000</Wastage>
      <GRNsList>
        <GRN>
          <Id>afa09ff0-fac3-4137-a060-69f179ab7d76</Id>
          <Status>Recieved</Status>
          <CreatedOn>2018-01-13T11:02:49.0679724+05:00</CreatedOn>
          <CreatedBy>
            <Id>ce654217-47b8-4b62-b96d-6d41af9de235</Id>
            <Name>Zeeshan Shafqat</Name>
          </CreatedBy>
          <ModifiedOn>2018-01-13T11:02:49.0679724+05:00</ModifiedOn>
          <ModifiedBy>
            <Id>ce654217-47b8-4b62-b96d-6d41af9de235</Id>
            <Name>Zeeshan Shafqat</Name>
          </ModifiedBy>
          <CompletedOn>2018-01-13T11:02:49.0679724+05:00</CompletedOn>
          <GRNNumber>GRN-1017</GRNNumber>
          <GRNDate>2018-01-13T11:02:49.0679724+05:00</GRNDate>
          <PO>
            <Id>53b41b3a-7d94-41f0-b9ad-c9fcc34cf29d</Id>
            <Name>PO-1007</Name>
          </PO>
          <PODetail>
            <Id>baf817b1-a3db-4289-9fbe-ca781f4ce426</Id>
            <Name>PO-1007</Name>
          </PODetail>
          <Store>
            <Id>3473d11c-43fd-45b2-9cb0-f4a9c0da1610</Id>
            <Name>KPT</Name>
          </Store>
          <InvoiceNo>3</InvoiceNo>
          <AdjPrice>2</AdjPrice>
          <Quantity>10000</Quantity>
          <Remarks>sef</Remarks>
        </GRN>
      </GRNsList>
      <DutyClearsList>
        <DutyClear>
          <Id>acf55bab-f5a1-47ab-9261-a196377f2915</Id>
          <CreatedOn>2018-01-13T11:03:18.2081827+05:00</CreatedOn>
          <CreatedBy>
            <Id>ce654217-47b8-4b62-b96d-6d41af9de235</Id>
            <Name>Zeeshan Shafqat</Name>
          </CreatedBy>
          <ModifiedOn>2018-01-13T11:03:18.2081827+05:00</ModifiedOn>
          <ModifiedBy>
            <Id>ce654217-47b8-4b62-b96d-6d41af9de235</Id>
            <Name>Zeeshan Shafqat</Name>
          </ModifiedBy>
          <DCLNumber>DCL-1006</DCLNumber>
          <DCLDate>2018-01-13T11:03:18.2081827+05:00</DCLDate>
          <PO>
            <Id>53b41b3a-7d94-41f0-b9ad-c9fcc34cf29d</Id>
            <Name>PO-1007</Name>
          </PO>
          <PODetail>
            <Id>baf817b1-a3db-4289-9fbe-ca781f4ce426</Id>
            <Name>PO-1007</Name>
          </PODetail>
          <Store>
            <Id>3473d11c-43fd-45b2-9cb0-f4a9c0da1610</Id>
            <Name>KPT</Name>
          </Store>
          <Quantity>5000</Quantity>
          <Remarks>sdf</Remarks>
        </DutyClear>
      </DutyClearsList>
    </PODetail>
  </PODetailsList>
  <TotalQuantity>40000</TotalQuantity>
  <Available>0</Available>
  <Received>10000</Received>
  <DutyCleared>5000</DutyCleared>
</PurchaseOrder>