<?xml version="1.0" encoding="utf-8"?>
<PurchaseOrder xmlns:xsd="http://www.w3.org/2001/XMLSchema" xmlns:xsi="http://www.w3.org/2001/XMLSchema-instance">
  <Id>3b5dea2f-c25c-40a3-b19b-ef9954d2661d</Id>
  <Status>Created</Status>
  <CreatedOn>2018-01-13T13:37:38.3370882+05:00</CreatedOn>
  <CreatedBy>
    <Id>ce654217-47b8-4b62-b96d-6d41af9de235</Id>
    <Name>Zeeshan Shafqat</Name>
  </CreatedBy>
  <ModifiedOn>2018-01-13T13:37:51.7204232+05:00</ModifiedOn>
  <ModifiedBy>
    <Id>ce654217-47b8-4b62-b96d-6d41af9de235</Id>
    <Name>Zeeshan Shafqat</Name>
  </ModifiedBy>
  <CompletedOn>0001-01-01T00:00:00</CompletedOn>
  <Lead>
    <Id>ce654217-47b8-4b62-b96d-6d41af9de235</Id>
    <Name>Zeeshan Shafqat</Name>
  </Lead>
  <ApprovedDate>0001-01-01T00:00:00</ApprovedDate>
  <PONumber>PO-1008</PONumber>
  <PODate>2018-01-13T00:00:00</PODate>
  <Origin>
    <Index>1</Index>
    <Value>SA</Value>
  </Origin>
  <Size>
    <Index>1</Index>
    <Value>00-10</Value>
  </Size>
  <Vessel>
    <Index>2</Index>
    <Value>MARE TRACER</Value>
  </Vessel>
  <TargetDays>1</TargetDays>
  <Supplier>
    <Index>2</Index>
    <Value>MARE TRACER</Value>
  </Supplier>
  <TermsOfPayment>111</TermsOfPayment>
  <PODetailsList>
    <PODetail>
      <Id>1033b96e-a317-4542-aa91-94fee1625a6c</Id>
      <PONumber>PO-1008</PONumber>
      <Customer>
        <Id>b288c06d-1609-4de9-97b5-823d0f2db1d9</Id>
        <Name>Best Way</Name>
      </Customer>
      <Quantity>10000</Quantity>
      <Rate>4</Rate>
      <CostPerTon>1</CostPerTon>
      <AllowedWaistage>1</AllowedWaistage>
      <TargetDate>2018-01-28T00:00:00</TargetDate>
      <Remarks />
      <Received>0</Received>
      <Remaining>10000</Remaining>
      <DutyCleared>0</DutyCleared>
      <DutyRemaining>0</DutyRemaining>
      <Wastage>0</Wastage>
      <GRNsList />
      <DutyClearsList />
    </PODetail>
    <PODetail>
      <Id>9fe7e6a0-91a2-4c9b-b71b-134a943bdbb4</Id>
      <PONumber>PO-1008</PONumber>
      <Customer>
        <Id>b288c06d-1609-4de8-97b5-823d0f2db1d9</Id>
        <Name>PSL</Name>
      </Customer>
      <Quantity>5000</Quantity>
      <Rate>1</Rate>
      <CostPerTon>1</CostPerTon>
      <AllowedWaistage>1</AllowedWaistage>
      <TargetDate>2018-01-28T00:00:00</TargetDate>
      <Remarks />
      <Received>0</Received>
      <Remaining>5000</Remaining>
      <DutyCleared>0</DutyCleared>
      <DutyRemaining>0</DutyRemaining>
      <Wastage>0</Wastage>
      <GRNsList />
      <DutyClearsList />
    </PODetail>
  </PODetailsList>
  <TotalQuantity>15000</TotalQuantity>
  <Available>0</Available>
  <Received>0</Received>
  <DutyCleared>0</DutyCleared>
</PurchaseOrder>