<?xml version="1.0" encoding="utf-8"?>
<PurchaseOrder xmlns:xsd="http://www.w3.org/2001/XMLSchema" xmlns:xsi="http://www.w3.org/2001/XMLSchema-instance">
  <Id>cdbb3e7f-095b-42bb-8f40-66fd9e8ea8b1</Id>
  <Status>InProcess</Status>
  <CreatedOn>2018-01-22T13:07:51</CreatedOn>
  <CreatedBy>
    <Id>ce654217-47b8-4b62-b96d-6d41af9de235</Id>
    <Name>Zeeshan Shafqat</Name>
  </CreatedBy>
  <ModifiedOn>2018-01-22T15:02:11.3122024+05:00</ModifiedOn>
  <ModifiedBy>
    <Id>ce654217-47b8-4b62-b96d-6d41af9de235</Id>
    <Name>Zeeshan Shafqat</Name>
  </ModifiedBy>
  <CompletedOn>0001-01-01T00:00:00</CompletedOn>
  <Lead>
    <Id>ce654217-47b8-4b62-b96d-6d41af9de235</Id>
    <Name>Zeeshan Shafqat</Name>
  </Lead>
  <ApprovedBy>
    <Id>ce654217-47b8-4b62-b96d-6d41af9de235</Id>
    <Name>Zeeshan Shafqat</Name>
  </ApprovedBy>
  <ApprovedDate>0001-01-01T00:00:00</ApprovedDate>
  <PONumber>PO-1003</PONumber>
  <PODate>2018-01-22T00:00:00</PODate>
  <Origin>
    <Index>1</Index>
    <Value>SA</Value>
  </Origin>
  <Size>
    <Index>1</Index>
    <Value>00-10</Value>
  </Size>
  <Vessel>
    <Index>2</Index>
    <Value>MARE TRACER</Value>
  </Vessel>
  <TargetDays>45</TargetDays>
  <Supplier>
    <Index>2</Index>
    <Value>MARE TRACER</Value>
  </Supplier>
  <TermsOfPayment>dfgh</TermsOfPayment>
  <BufferQuantityMax>0</BufferQuantityMax>
  <BufferQuantityMin>0</BufferQuantityMin>
  <PODetailsList>
    <PODetail>
      <Id>ab0cf669-86fb-4f66-b3b1-146b05424ce3</Id>
      <PO>
        <Id>cdbb3e7f-095b-42bb-8f40-66fd9e8ea8b1</Id>
        <Name>PO-1003</Name>
      </PO>
      <Customer>
        <Id>39ccb9ef-d604-4745-acdb-cfbaab74332a</Id>
        <Name>Tariq Textile</Name>
      </Customer>
      <Quantity>10000</Quantity>
      <Rate>500</Rate>
      <CostPerTon>100</CostPerTon>
      <AllowedWaistage>1</AllowedWaistage>
      <TargetDate>2018-01-31T00:00:00</TargetDate>
      <Remarks />
      <Received>10000</Received>
      <Remaining>0</Remaining>
      <DutyCleared>5000</DutyCleared>
      <DutyRemaining>5000</DutyRemaining>
      <Wastage>50</Wastage>
      <GRNsList>
        <GRN>
          <Id>00000000-0000-0000-0000-000000000000</Id>
          <Status>Recieved</Status>
          <CreatedOn>2018-01-22T15:04:08.7890783+05:00</CreatedOn>
          <CreatedBy>
            <Id>ce654217-47b8-4b62-b96d-6d41af9de235</Id>
            <Name>Zeeshan Shafqat</Name>
          </CreatedBy>
          <ModifiedOn>2018-01-22T15:11:42.4210883+05:00</ModifiedOn>
          <ModifiedBy>
            <Id>ce654217-47b8-4b62-b96d-6d41af9de235</Id>
            <Name>Zeeshan Shafqat</Name>
          </ModifiedBy>
          <CompletedOn>2018-01-22T15:04:08.7890783+05:00</CompletedOn>
          <GRNNumber>GRN-1002</GRNNumber>
          <GRNDate>2018-01-22T00:00:00</GRNDate>
          <PO>
            <Id>cdbb3e7f-095b-42bb-8f40-66fd9e8ea8b1</Id>
            <Name>PO-1003</Name>
          </PO>
          <PODetail>
            <Id>ab0cf669-86fb-4f66-b3b1-146b05424ce3</Id>
            <Name>PO-1003</Name>
          </PODetail>
          <Store>
            <Id>3473d11c-43fd-45b2-9cb0-f4a9c0da1610</Id>
            <Name>KPT</Name>
          </Store>
          <InvoiceNo>jjj</InvoiceNo>
          <AdjPrice>86</AdjPrice>
          <Quantity>10000</Quantity>
          <Remarks>cvbnm</Remarks>
        </GRN>
      </GRNsList>
      <DutyClearsList>
        <DutyClear>
          <Id>00000000-0000-0000-0000-000000000000</Id>
          <CreatedOn>2018-01-22T15:12:34.2198915+05:00</CreatedOn>
          <CreatedBy>
            <Id>ce654217-47b8-4b62-b96d-6d41af9de235</Id>
            <Name>Zeeshan Shafqat</Name>
          </CreatedBy>
          <ModifiedOn>2018-01-22T15:12:34.2198915+05:00</ModifiedOn>
          <ModifiedBy>
            <Id>ce654217-47b8-4b62-b96d-6d41af9de235</Id>
            <Name>Zeeshan Shafqat</Name>
          </ModifiedBy>
          <DCLNumber>DCL-1002</DCLNumber>
          <DCLDate>2018-01-22T15:12:34.2198915+05:00</DCLDate>
          <PO>
            <Id>cdbb3e7f-095b-42bb-8f40-66fd9e8ea8b1</Id>
            <Name>PO-1003</Name>
          </PO>
          <PODetail>
            <Id>ab0cf669-86fb-4f66-b3b1-146b05424ce3</Id>
            <Name>PO-1003</Name>
          </PODetail>
          <Store>
            <Id>3473d11c-43fd-45b2-9cb0-f4a9c0da1610</Id>
            <Name>KPT</Name>
          </Store>
          <Quantity>5000</Quantity>
          <Remarks>xcvb</Remarks>
        </DutyClear>
      </DutyClearsList>
    </PODetail>
    <PODetail>
      <Id>00000000-0000-0000-0000-000000000000</Id>
      <PO>
        <Id>cdbb3e7f-095b-42bb-8f40-66fd9e8ea8b1</Id>
        <Name>PO-1003</Name>
      </PO>
      <Customer>
        <Id>85ca4780-0e36-4fa2-8728-901c0e5a40fd</Id>
        <Name>PSL</Name>
      </Customer>
      <Quantity>20000</Quantity>
      <Rate>85</Rate>
      <CostPerTon>1350</CostPerTon>
      <AllowedWaistage>0.05</AllowedWaistage>
      <TargetDate>2018-01-29T00:00:00</TargetDate>
      <Remarks />
      <Received>0</Received>
      <Remaining>20000</Remaining>
      <DutyCleared>0</DutyCleared>
      <DutyRemaining>0</DutyRemaining>
      <Wastage>0.00</Wastage>
      <GRNsList />
      <DutyClearsList />
    </PODetail>
  </PODetailsList>
  <TotalQuantity>30000</TotalQuantity>
  <Available>0</Available>
  <Received>10000</Received>
  <DutyCleared>5000</DutyCleared>
</PurchaseOrder>