<?xml version="1.0" encoding="utf-8"?>
<ArrayOfItem xmlns:xsi="http://www.w3.org/2001/XMLSchema-instance" xmlns:xsd="http://www.w3.org/2001/XMLSchema">
  <Item>
    <Index>1</Index>
    <Value>SA</Value>
  </Item>
  <Item>
    <Index>2</Index>
    <Value>Indo</Value>
  </Item>
  <Item>
    <Index>3</Index>
    <Value>Afghan</Value>
  </Item>
  <Item>
    <Index>4</Index>
    <Value>Quetta</Value>
  </Item>
  <Item>
    <Index>5</Index>
    <Value>Russian</Value>
  </Item>
</ArrayOfItem>