<?xml version="1.0" encoding="utf-8"?>
<ArrayOfReference xmlns:xsi="http://www.w3.org/2001/XMLSchema-instance" xmlns:xsd="http://www.w3.org/2001/XMLSchema">
  <Reference>
    <Id>3473d11c-43fd-45b2-9cb0-f4a9c0da1610</Id>
    <Name>KPT</Name>
  </Reference>
  <Reference>
    <Id>090ae62a-f884-42d2-be29-20d3809186d0</Id>
    <Name>Hawks bay</Name>
  </Reference>
  <Reference>
    <Id>39f46c52-bfb2-45a5-aa25-b1d5a3ec9179</Id>
    <Name>New Godown</Name>
  </Reference>
  <Reference>
    <Id>dbd94a69-cf18-44d3-948b-e79b48439aaf</Id>
    <Name>New Godown 2</Name>
  </Reference>
  <Reference>
    <Id>a2480192-36e2-4b65-83ca-5a3bbb0b3f5a</Id>
    <Name>Groney Yard</Name>
  </Reference>
  <Reference>
    <Id>1fe29a43-8c1a-4b3f-ad09-2ed2b25c04a3</Id>
    <Name>Port Qasim</Name>
  </Reference>
  <Reference>
    <Id>8c6db3d3-71ea-49bb-841d-a0d909e31307</Id>
    <Name>Wazir Mention</Name>
  </Reference>
  <Reference>
    <Id>c05b8bf4-e15c-4c36-9209-cb80eb6ccf44</Id>
    <Name>CCM</Name>
  </Reference>
  <Reference>
    <Id>9b84a26f-109b-462a-90e3-dc997b286641</Id>
    <Name>PIBT</Name>
  </Reference>
</ArrayOfReference>