<?xml version="1.0" encoding="utf-8"?>
<PurchaseOrder xmlns:xsd="http://www.w3.org/2001/XMLSchema" xmlns:xsi="http://www.w3.org/2001/XMLSchema-instance">
  <Id>00000000-0000-0000-0000-000000000000</Id>
  <Status>Created</Status>
  <CreatedOn>2018-01-19T22:10:07.944357+05:00</CreatedOn>
  <CreatedBy>
    <Id>ce654217-47b8-4b62-b96d-6d41af9de235</Id>
    <Name>Zeeshan Shafqat</Name>
  </CreatedBy>
  <ModifiedOn>2018-01-19T22:10:07.944357+05:00</ModifiedOn>
  <ModifiedBy>
    <Id>ce654217-47b8-4b62-b96d-6d41af9de235</Id>
    <Name>Zeeshan Shafqat</Name>
  </ModifiedBy>
  <CompletedOn>0001-01-01T00:00:00</CompletedOn>
  <Lead>
    <Id>ce654217-47b8-4b62-b96d-6d41af9de235</Id>
    <Name>Zeeshan Shafqat</Name>
  </Lead>
  <ApprovedDate>0001-01-01T00:00:00</ApprovedDate>
  <PONumber>PO-1002</PONumber>
  <PODate>2018-01-19T00:00:00</PODate>
  <Origin>
    <Index>3</Index>
    <Value>Afghan</Value>
  </Origin>
  <Size>
    <Index>2</Index>
    <Value>00-04</Value>
  </Size>
  <Vessel>
    <Index>3</Index>
    <Value>IVS Pinehurst</Value>
  </Vessel>
  <TargetDays>1</TargetDays>
  <Supplier>
    <Index>2</Index>
    <Value>MARE TRACER</Value>
  </Supplier>
  <TermsOfPayment>12345hgfds f dsasdf</TermsOfPayment>
  <BufferQuantityMax>0</BufferQuantityMax>
  <BufferQuantityMin>0</BufferQuantityMin>
  <PODetailsList>
    <PODetail>
      <Id>00000000-0000-0000-0000-000000000000</Id>
      <PO>
        <Id>00000000-0000-0000-0000-000000000000</Id>
        <Name>PO-1002</Name>
      </PO>
      <Customer>
        <Id>b288c06d-1609-4de9-97b5-823d0f2db1d9</Id>
        <Name>Best Way</Name>
      </Customer>
      <Quantity>10000</Quantity>
      <Rate>0.85</Rate>
      <CostPerTon>100</CostPerTon>
      <AllowedWaistage>0.5</AllowedWaistage>
      <TargetDate>2018-01-31T00:00:00</TargetDate>
      <Remarks />
      <Received>0</Received>
      <Remaining>10000</Remaining>
      <DutyCleared>0</DutyCleared>
      <DutyRemaining>0</DutyRemaining>
      <Wastage>0.0</Wastage>
      <GRNsList />
      <DutyClearsList />
    </PODetail>
  </PODetailsList>
  <TotalQuantity>10000</TotalQuantity>
  <Available>0</Available>
  <Received>0</Received>
  <DutyCleared>0</DutyCleared>
</PurchaseOrder>